RUT,Nombre,Apellido,Dirección
20806328-2,Santiago,Arjona,"Acceso de Susanita Palma 82 Burgos, 67017"
11279705-9,Ofelia,Puga,"Calle Albano Llabrés 2 León, 45270"
10208437-8,Fausto,Zurita,"Camino de Belén Segura 9 Piso 1 León, 29423"
15662965-2,Carina,Maldonado,"Urbanización Concha Fernandez 2 Apt. 41 Salamanca, 12966"
15128265-5,Sebastian,Moreno,"Pasadizo Clímaco Amo 12 Alicante, 35198"
24788856-4,Adoración,Salgado,"Pasadizo de Isidoro Sotelo 52 Zaragoza, 30756"
23431788-4,Íngrid,Solé,"C. de José Roldan 79 Apt. 73 Granada, 18776"
15683220-5,Dimas,Pagès,"Callejón Carmelo Perez 43 Huesca, 42657"
13136886-8,Luis,Moliner,"Rambla de Berto Montes 816 Piso 3 Baleares, 37396"
18443023-5,Maximiliano,Lloret,"Pasadizo Cándida Carballo 5 Huelva, 00667"
10067136-9,Florencio,Galan,"Rambla Severo Isern 541 Álava, 35572"
23584450-6,Aurora,Carreras,"Vial de Adora Montserrat 139 Melilla, 51438"
22145355-8,Galo,Peralta,"Cañada de Amor Abril 2 Valencia, 57886"
20273501-3,Patricio,Lloret,"Callejón Macarena Cabeza 37 Piso 5 La Coruña, 49448"
22293099-2,Flor,Pineda,"Via de Ascensión Ariño 9 Puerta 4 Valladolid, 80172"
14103845-2,Nerea,Lasa,"Cañada Anita Montes 57 Apt. 30 Lleida, 37455"
11974952-4,Felicia,Lamas,"Cuesta de Mateo Fuertes 13 Asturias, 03534"
16861991-8,José Mari,Carnero,"C. Lupe García 15 Puerta 6 Lleida, 54920"
11327423-2,Jesusa,Tejada,"Pasaje Apolonia Herrero 75 Granada, 17023"
19757202-3,Gala,Marcos,"Rambla Margarita Franch 94 Córdoba, 64703"
21034687-3,Estela,Nevado,"Paseo Camilo Pizarro 805 Toledo, 35967"
21195348-7,Ariadna,Vicente,"Cañada Timoteo Botella 4 Madrid, 12430"
19368099-8,Adriana,Calzada,"Avenida de Teobaldo Durán 534 Guipúzcoa, 91011"
22779278-3,Fernando,Marin,"Ronda de Manolo Diaz 699 Puerta 7 Valencia, 35354"
15127186-8,Fanny,Robledo,"Calle Elena Benito 45 Guadalajara, 81505"
16880199-4,Jimena,Rovira,"Alameda de Bautista Oliveras 94 Navarra, 04160"
15560100-5,Donato,Huerta,"Pasaje de Dimas Baquero 35 Puerta 7 La Coruña, 36715"
23215743-5,Mariana,Moreno,"Avenida Ema Cobo 948 Puerta 0 Cáceres, 18402"
21894246-0,Amor,Benito,"Paseo Angélica Egea 59 Piso 8 Asturias, 80300"
21797916-7,Aitana,Tejero,"Rambla de Aurora Giner 793 Girona, 65004"
10288764-7,Roberta,Bauzà,"Cuesta de Josefina Real 291 Puerta 5 Álava, 24457"
13242572-5,Fulgencio,Campoy,"Ronda Cristian Castilla 25 Cáceres, 34572"
10738913-1,Obdulia,Cuadrado,"Urbanización de Eugenia Vega 69 Piso 5 Granada, 47024"
23829698-5,Martín,Cervantes,"Pasaje de Elodia Mendez 55 Zamora, 36958"
16948877-5,Dimas,Tolosa,"Calle de América Carrillo 796 Ávila, 44542"
15191750-3,Bernabé,Menendez,"Glorieta Fernanda Pablo 77 Huesca, 61785"
22980702-3,Tere,Jordán,"Paseo de Amaro Cabañas 91 Apt. 57 Alicante, 82888"
13122838-2,Eli,Rodríguez,"Ronda de Zoraida Tejero 429 Piso 3 Valladolid, 73691"
13833036-4,Piedad,Giménez,"Cañada Guiomar Berenguer 85 Lugo, 02855"
17888312-1,Manola,Alberola,"C. de Carmelo Silva 93 Puerta 7 Zaragoza, 67299"
15989399-4,Jeremías,Guijarro,"Urbanización Irma Blazquez 90 Piso 0 Cuenca, 67069"
16908342-4,Sabina,Saez,"Calle de Marina Lamas 65 Puerta 9 Santa Cruz de Tenerife, 09177"
10339713-2,Teodosio,Miguel,"Cuesta de Plácido Piñeiro 68 La Rioja, 50031"
13281035-9,Ágata,Tejada,"Glorieta Felicidad Miranda 14 Apt. 78 Alicante, 75008"
14852268-6,Miguel Ángel,Nebot,"C. de Amalia Gutierrez 521 Ceuta, 03743"
20265560-5,Roldán,Izaguirre,"Cuesta Alejandra Jáuregui 229 Apt. 94 Vizcaya, 83882"
10711458-3,Soledad,Carvajal,"Plaza de Fortunato Bermejo 5 Piso 5 Cantabria, 24610"
14598294-5,Charo,Rosado,"Alameda Adolfo Vera 7 Sevilla, 56416"
21206256-8,Chucho,Guijarro,"Cañada de Natividad Baeza 57 Valencia, 28385"
10822124-0,Marcio,Samper,"Vial de Nacio Villalobos 29 Badajoz, 15459"
